{"cameraMode":{"drawMode":0,"name":"Shaded","section":"Shading Mode"},"sceneLighting":false,"audioPlay":false,"sceneViewState":{"showFog":true,"showMaterialUpdate":false,"showSkybox":false,"showFlares":true,"showImageEffects":true,"showParticleSystems":true,"showVisualEffectGraphs":true,"m_FxEnabled":true},"in2DMode":false,"pivot":{"x":9.313225746154786e-10,"y":0.0030313245952129366,"z":-1.685693860054016e-7},"rotation":{"x":0.06817366182804108,"y":-0.643172562122345,"z":0.05764740705490112,"w":0.7605071067810059},"size":0.3324158787727356,"orthographic":false}