{"cameraMode":{"drawMode":0,"name":"Shaded","section":"Shading Mode"},"sceneLighting":false,"audioPlay":false,"sceneViewState":{"showFog":true,"showMaterialUpdate":false,"showSkybox":false,"showFlares":true,"showImageEffects":true,"showParticleSystems":true,"showVisualEffectGraphs":true,"m_FxEnabled":true},"in2DMode":false,"pivot":{"x":11.371135711669922,"y":2.0869064331054689,"z":-7.1424150466918949},"rotation":{"x":-0.005550447851419449,"y":-0.9778072237968445,"z":0.20779769122600556,"w":-0.02611774578690529},"size":2.759798765182495,"orthographic":false}