{"cameraMode":{"drawMode":0,"name":"Shaded","section":"Shading Mode"},"sceneLighting":false,"audioPlay":false,"sceneViewState":{"showFog":true,"showMaterialUpdate":false,"showSkybox":false,"showFlares":true,"showImageEffects":true,"showParticleSystems":true,"showVisualEffectGraphs":true,"m_FxEnabled":true},"in2DMode":false,"pivot":{"x":-0.22354340553283692,"y":1.5717380046844483,"z":-13.799967765808106},"rotation":{"x":-0.005550447851419449,"y":-0.9778072237968445,"z":0.20779769122600556,"w":-0.02611774578690529},"size":2.7873706817626955,"orthographic":false}