{"cameraMode":{"drawMode":0,"name":"Shaded","section":"Shading Mode"},"sceneLighting":true,"audioPlay":false,"sceneViewState":{"showFog":true,"showMaterialUpdate":false,"showSkybox":true,"showFlares":true,"showImageEffects":true,"showParticleSystems":true,"showVisualEffectGraphs":true,"m_FxEnabled":true},"in2DMode":false,"pivot":{"x":0.5797051191329956,"y":0.25999927520751955,"z":0.14562273025512696},"rotation":{"x":-0.010014411993324757,"y":-0.9790253043174744,"z":0.19733591377735139,"w":-0.049683231860399249},"size":9.070077896118164,"orthographic":false}