{"cameraMode":{"drawMode":0,"name":"Shaded","section":"Shading Mode"},"sceneLighting":true,"audioPlay":false,"sceneViewState":{"showFog":true,"showMaterialUpdate":false,"showSkybox":true,"showFlares":true,"showImageEffects":true,"showParticleSystems":true,"showVisualEffectGraphs":true,"m_FxEnabled":true},"in2DMode":false,"pivot":{"x":1.059168815612793,"y":1.9569196701049805,"z":3.80731463432312},"rotation":{"x":0.014882568269968033,"y":-0.9580729007720947,"z":0.28162679076194765,"w":0.05062922090291977},"size":3.2660250663757326,"orthographic":false}