{"cameraMode":{"drawMode":0,"name":"Shaded","section":"Shading Mode"},"sceneLighting":true,"audioPlay":false,"sceneViewState":{"showFog":true,"showMaterialUpdate":false,"showSkybox":true,"showFlares":true,"showImageEffects":true,"showParticleSystems":true,"showVisualEffectGraphs":true,"m_FxEnabled":true},"in2DMode":false,"pivot":{"x":-0.5185511112213135,"y":0.27018940448760989,"z":0.22012454271316529},"rotation":{"x":0.08678387105464935,"y":-0.6703426837921143,"z":0.0794002041220665,"w":0.732674241065979},"size":1.0785011053085328,"orthographic":false}