{"cameraMode":{"drawMode":0,"name":"Shaded","section":"Shading Mode"},"sceneLighting":false,"audioPlay":false,"sceneViewState":{"showFog":true,"showMaterialUpdate":false,"showSkybox":false,"showFlares":true,"showImageEffects":true,"showParticleSystems":true,"showVisualEffectGraphs":true,"m_FxEnabled":true},"in2DMode":false,"pivot":{"x":1.4600006341934205,"y":0.9100000858306885,"z":0.5099999904632568},"rotation":{"x":-0.00032347702654078603,"y":0.9996536374092102,"z":0.01409754529595375,"w":0.02279413864016533},"size":1.3773205280303956,"orthographic":false}