{"cameraMode":{"drawMode":0,"name":"Shaded","section":"Shading Mode"},"sceneLighting":false,"audioPlay":false,"sceneViewState":{"showFog":true,"showMaterialUpdate":false,"showSkybox":false,"showFlares":true,"showImageEffects":true,"showParticleSystems":true,"showVisualEffectGraphs":true,"m_FxEnabled":true},"in2DMode":false,"pivot":{"x":-0.1006108820438385,"y":1.4873449802398682,"z":1.0095760822296143},"rotation":{"x":-0.005550447851419449,"y":-0.9778072237968445,"z":0.20779769122600556,"w":-0.02611774578690529},"size":2.6973021030426027,"orthographic":false}