{"cameraMode":{"drawMode":0,"name":"Shaded","section":"Shading Mode"},"sceneLighting":false,"audioPlay":false,"sceneViewState":{"showFog":true,"showMaterialUpdate":false,"showSkybox":false,"showFlares":true,"showImageEffects":true,"showParticleSystems":true,"showVisualEffectGraphs":true,"m_FxEnabled":true},"in2DMode":false,"pivot":{"x":1.4600006341934205,"y":0.8618142008781433,"z":0.4717238247394562},"rotation":{"x":0.01178409531712532,"y":0.9835638403892517,"z":-0.16620264947414399,"w":0.06975147128105164},"size":1.250514268875122,"orthographic":false}