{"cameraMode":{"drawMode":0,"name":"Shaded","section":"Shading Mode"},"sceneLighting":false,"audioPlay":false,"sceneViewState":{"showFog":true,"showMaterialUpdate":false,"showSkybox":false,"showFlares":true,"showImageEffects":true,"showParticleSystems":true,"showVisualEffectGraphs":true,"m_FxEnabled":true},"in2DMode":false,"pivot":{"x":0.09000836312770844,"y":0.10975416004657746,"z":0.19785749912261964},"rotation":{"x":0.07016997784376145,"y":-0.5124173164367676,"z":0.04205475375056267,"w":0.8548392057418823},"size":0.4829244613647461,"orthographic":false}