{"cameraMode":{"drawMode":0,"name":"Shaded","section":"Shading Mode"},"sceneLighting":false,"audioPlay":false,"sceneViewState":{"showFog":true,"showMaterialUpdate":false,"showSkybox":false,"showFlares":true,"showImageEffects":true,"showParticleSystems":true,"showVisualEffectGraphs":true,"m_FxEnabled":true},"in2DMode":false,"pivot":{"x":1.8695569038391114,"y":1.271238923072815,"z":12.873602867126465},"rotation":{"x":0.03837018087506294,"y":-0.03147266060113907,"z":0.0012026340700685979,"w":0.9987738132476807},"size":12.594797134399414,"orthographic":false}